Curt Carlyle,jugglers,curt-carlyle.jpg
The Checkerboard Guy,jugglers,the-checkerboard-guy.jpg
Josh Casey,jugglers,josh-casey.jpg
Peter Irish,jugglers,peter-irish.jpg
Matt Baker,jugglers,matt-baker.jpg
Marcus Wilson,jugglers,marcus-wilson-full.jpg
Circus Luminescence,jugglers,circus-luminescence.jpg
Rhys Thomas,jugglers,rhys-thomas.jpg
Joe Ricci,jugglers,joe-ricci.jpg
Thom Wall,jugglers,thom-wall.jpg
Greg Bennick,jugglers,greg-bennick.jpg
Trevor & Lorena Watters,magicians,trevor-lorena-watters.jpg
Greg Moreland,magicians,greg-moreland.jpg
Louie Foxx,magicians,louie-foxx.jpg
The Magic of Puck,magicians,puck.jpg
Brian Cook,magicians,brian-cook.jpg
Nate Jester,magicians,nate_jester.jpg
Steve Hamilton,magicians,steve-hamilton.jpg
Farrell Dillon,magicians,farrell-dillon.jpg
Hart Keene,magicians,hart-keene.jpg
Paul Draper,magicians,paul-draper.jpg
Nick Paul,magicians,nick-paul.jpg
Joe Black,magicians,joe-black.jpg
Susan Rice,comedians,susan-rice.jpg
Brad Upton,comedians,brad-upton.jpg
Travis Nelson,comedians,travis-nelson.jpg
Andrew Rivers,comedians,andrew-rivers.jpg
Bo Johnson,comedians,bo-johnson.jpg
Joe Vespaziani,comedians,joe-vespaziani.jpg
Gabriel Rutledge,comedians,gabriel-rutledge.jpg
Kermet Apio,comedians,kermet-apio.jpg
Emmett Montgomery,comedians,emmett-montgomery.jpg
Cory Michaelis,comedians,cory-michaelis.jpg
Duane Goad,comedians,duane-goad.jpg
Ed Hill,comedians,ed-hill-main.jpg
Michael Harrison,variety,michael-harrison.jpg
Mark Hayward,variety,mark-hayward.jpg
Eric Haines,variety,eric-haines.jpg
Rene Bibaud,variety,rene-bibaud.jpg
Larry G Jones,variety,larry-g-jones.jpg
Tammy Harris Barton,variety,tammy-harris-barton.jpg
Godfrey Daniels,variety,godfrey-daniels.jpg
Jonathan Burns,variety,jonathan-burns.jpg
Bill Robison,variety,bill-robison.jpg
Leapin' Louie Wild West,variety,leapin_louie_wild_west.jpg
Museum of Curious Things,variety,museum-of-curious-things.jpg
Dan Meyer,variety,dan-meyer.jpg
Professor Humbug,variety,professor-humbug.jpg
